[
  {
    "id": 1,
    "Name": "Ramesh",
    "phone": "7894561230",
    "email": "ramesh@gmail.com"
  },
  {
    "id": 2,
    "Name": "Ramesh",
    "phone": "7894561230",
    "email": "ramesh@gmail.com"
  },
  {
    "id": 3,
    "Name": "Ramesh",
    "phone": "7894561230",
    "email": "ramesh@gmail.com"
  },
  {
    "id": 4,
    "Name": "Ramesh",
    "phone": "7894561230",
    "email": "ramesh@gmail.com"
  },
  {
    "id": 5,
    "Name": "Ramesh",
    "phone": "7894561230",
    "email": "ramesh@gmail.com"
  },
  {
    "id": 6,
    "Name": "Ramesh",
    "phone": "7894561230",
    "email": "ramesh@gmail.com"
  },
  {
    "id": 7,
    "Name": "Ramesh",
    "phone": "7894561230",
    "email": "ramesh@gmail.com"
  }
]
